gen,best,avg,best_size,avg_size
0, 0.316792823, 7.506324461502, 4, 5.23
1, 0.316792823, 6.164159689542001, 4, 5.25
2, 0.316792823, 5.520356832588002, 4, 5.4
