gen,best,avg,best_size,avg_size
0, 0.3939422345, 7.054764678523996, 6, 5.663333333333333
