gen,best,avg,best_size,avg_size
0, 0.1725057139, 6.514263792596999, 7, 5.34
1, 0.1725057139, 5.769395984578, 7, 6.28
2, 0.1725057139, 5.011731481889002, 7, 6.25
3, 0.1725057139, 5.549124716841001, 7, 6.36
4, 0.1725057139, 4.507223044716, 7, 6.91
