gen,best,avg,best_size,avg_size
0, 0.0884881416, 243.8036385253616, 2, 5.44
1, 0.0884881416, 32449.867498992593, 2, 4.732673267326732
2, 0.0884881416, 3.732534275105944, 2, 4.118811881188119
