gen,best,avg,best_size,avg_size
0, 0.3172054326, 8.497219833363, 10, 5.6
1, 0.3172054326, 7.287375756346, 10, 5.65
2, 0.3172054326, 6.538932535163999, 10, 5.81
3, 0.3172054326, 5.497555566778001, 10, 5.87
4, 0.0, 5.195837214364002, 6, 6.41
5, 0.0, 4.418410982517, 6, 6.58
6, 0.0, 3.9044520010639987, 6, 6.66
