gen,best,avg,best_size,avg_size
0, 0.400581499, 7.190886934031002, 8, 5.1866666666666665
1, 0.202650835, 5.7048519808591385, 5, 5.644518272425249
2, 0.1841355483, 4.990844473494687, 8, 5.754152823920266
