gen,best,avg,best_size,avg_size
0, 0.5289945872, 6.811239772492996, 10, 5.35
