gen,best,avg,best_size,avg_size
0, 0.0920410485052368, 108152151.2964739, 11, 8.5
1, 0.0920410485052368, 1.6437124937190521, 11, 8.38
2, 0.05409796877194463, 1.5512353276796478, 11, 7.77
3, 0.05409796877194463, 1.8374252381243317, 11, 6.84
4, 0.05409796877194463, 3.892988455534159, 11, 6.58
5, 0.05409796877194463, 1.1843142565201383, 11, 6.19
