gen,best,avg,best_size,avg_size
0, 7.0343870847, 12.390640524811003, 9, 9.0
1, 6.9623431334, 11.614945438055454, 9, 9.0
2, 6.9623431334, 455.1136137631567, 9, 9.0
3, 6.9623431334, 10.996881623374264, 9, 9.0
4, 6.6324124565, 10.707592320258419, 9, 9.0
5, 6.6324124565, 9.915374968225741, 9, 9.0
6, 6.6324124565, 9.54561302232079, 9, 9.0
7, 6.6324124565, 11.281065198418808, 9, 9.0
8, 6.6324124565, 10.138676922600984, 9, 9.0
9, 6.6324124565, 9.946836862752466, 9, 9.0
