gen,best,avg,best_size,avg_size
0, 0.3199082307, 7.2989509732950015, 5, 5.653333333333333
1, 0.0, 5.683210040116616, 5, 5.717607973421927
2, 0.0, 4.865502053062461, 5, 6.262458471760797
