gen,best,avg,best_size,avg_size
0, 0.7883768368, 7.972764408940001, 4, 3.006666666666667
