gen,best,avg,best_size,avg_size
0, 0.2445261329, 7.346298365708329, 8, 5.653333333333333
1, 0.2445261329, 5.494864143932229, 8, 5.926910299003322
2, 0.0, 4.6137396387740885, 8, 6.079734219269103
