gen,best,avg,best_size,avg_size
0, 0.3172054326, 8.497219833363, 10, 5.6
1, 0.3172054326, 7.287375756346, 10, 5.65
2, 0.3172054326, 6.538932535163999, 10, 5.81
3, 0.3172054326, 5.497555566778001, 10, 5.87
