gen,best,avg,best_size,avg_size
0, 0.2988072965, 9.150066826586, 10, 5.6
1, 0.1666025852, 8.100162385426003, 6, 6.2
