gen,best,avg,best_size,avg_size
0, 0.0725692733, 8.822393838858334, 4, 3.0
1, 0.0725692733, 7.246355823365783, 4, 3.488372093023256
2, 0.0, 5.7316355338010005, 6, 3.9700996677740865
