gen, fitness, info1, info2, avg
0, 450.4996805651767, 662.7294883290524, 5, 3.5
1, 413.2670163806604, 650.9384284273802, 3, 3.6
2, 413.2670163806604, 680.7504426310638, 3, 3.67
3, 413.2670163806604, 634.7204995628598, 3, 3.74
