gen,best,avg,best_size,avg_size
0, 0.09204104850523681, 108113991.17313206, 3, 5.29
1, 0.09204104850523681, 1.4914786510158584, 3, 5.465346534653466
2, 0.09204104850523681, 0.8109891468093932, 3, 5.099009900990099
