gen,best,avg,best_size,avg_size
0, 0.2182765725, 8.081930797216, 9, 5.663333333333333
1, 0.2182765725, 6.311194409217937, 9, 6.724252491694352
2, 0.2182765725, 5.351512333501325, 9, 7.176079734219269
